,mv
2019-01-02,0.0
2019-01-03,0.0
2019-01-04,0.0
2019-01-07,0.0
2019-01-08,0.0
2019-01-09,0.0
2019-01-10,0.0
2019-01-11,0.0
2019-01-14,0.0
2019-01-15,0.0
2019-01-16,0.0
2019-01-17,0.0
2019-01-18,0.0
2019-01-21,0.0
2019-01-22,0.0
2019-01-23,0.0
2019-01-24,0.0
2019-01-25,0.0
2019-01-28,0.0
2019-01-29,0.0
2019-01-30,0.0
2019-01-31,0.0
2019-02-01,0.0
2019-02-11,0.0
2019-02-12,0.0
2019-02-13,0.0
2019-02-14,0.0
2019-02-15,0.0
2019-02-18,0.0
2019-02-19,0.0
2019-02-20,0.0
2019-02-21,0.0
2019-02-22,0.0
2019-02-25,0.0
2019-02-26,0.0
2019-02-27,0.0
2019-02-28,388899.811616176
2019-03-01,394799.82819636835
2019-03-04,399873.82585011143
2019-03-05,403754.8602869865
2019-03-06,405197.9729574728
2019-03-07,396031.7953713973
2019-03-08,383633.7104299777
2019-03-11,391792.63412656414
2019-03-12,355708.9424187589
2019-03-13,238611.99437507874
2019-03-14,236909.40325105394
2019-03-15,457161.9335260472
2019-03-18,419101.3243202397
2019-03-19,404853.24857203907
2019-03-20,404603.6855883051
2019-03-21,326310.72108625656
2019-03-22,325540.6568336036
2019-03-25,308837.0658482451
2019-03-26,287117.22401735827
2019-03-27,199066.5194017953
2019-03-28,87702.44972679735
2019-03-29,85836.23718806099
2019-04-01,84581.24793068338
2019-04-02,83502.34140444083
2019-04-03,82961.6277245723
2019-04-04,82513.96016900112
2019-04-08,81936.3783676197
2019-04-09,81337.15529511574
2019-04-10,81198.43876443153
2019-04-11,80828.2123120672
2019-04-12,63286.74432098781
2019-04-15,449261.61955038225
2019-04-16,461253.6265530674
2019-04-17,441480.9860658724
2019-04-18,438483.441852496
2019-04-19,295651.09068947023
2019-04-22,209781.69036625663
2019-04-23,173996.16860738426
2019-04-24,174933.77241426765
2019-04-25,157287.500660269
2019-04-26,156873.01784605862
2019-04-29,154971.26404932933
2019-04-30,444123.8568930809
2019-05-06,415164.5371230231
2019-05-07,406284.1593043012
2019-05-08,389112.9064240126
2019-05-09,14146.872169528055
2019-05-10,14147.960668681899
2019-05-13,14149.049251587856
2019-05-14,14150.137918252365
2019-05-15,401468.2995238389
2019-05-16,399802.9765754732
2019-05-17,389215.7155554842
2019-05-20,388535.33718634123
2019-05-21,262929.0476417082
2019-05-22,208741.65945036814
2019-05-23,206627.78301635248
2019-05-24,206494.09003998712
2019-05-27,165889.7645729596
2019-05-28,155165.22386201163
2019-05-29,154685.86672947835
2019-05-30,153843.19824953735
2019-05-31,323177.28721870616
2019-06-03,319142.6499893094
2019-06-04,304735.9747920428
2019-06-05,292781.3971143886
2019-06-06,175258.07869062107
2019-06-10,150663.53378637266
2019-06-11,140689.8043585295
2019-06-12,131373.29855282177
2019-06-13,131257.15325223788
2019-06-14,130779.88071435448
2019-06-17,130511.10603849292
2019-06-18,130801.54750878748
2019-06-19,131610.1274357094
2019-06-20,132886.9817398949
2019-06-21,133003.00961026925
2019-06-24,107865.63772437802
2019-06-25,107569.6739300908
2019-06-26,95452.81642514646
2019-06-27,95995.40308727574
2019-06-28,95940.66216986046
2019-07-01,96769.80451580248
2019-07-02,96669.31826045176
2019-07-03,96162.0577036367
2019-07-04,96114.75293176646
2019-07-05,85339.59424563748
2019-07-08,65453.323961223745
2019-07-09,65446.31361610068
2019-07-10,42615.220419581005
2019-07-11,23284.169513093773
2019-07-12,23289.201945072902
2019-07-15,385195.40994340734
2019-07-16,384487.11324814364
2019-07-17,384439.870284646
2019-07-18,378795.41840514546
2019-07-19,255753.13132277012
2019-07-22,240421.81600261264
2019-07-23,186090.15036948406
2019-07-24,172992.09353091265
2019-07-25,174232.1505766401
2019-07-26,164847.9311414785
2019-07-29,164791.37167779962
2019-07-30,164923.6206027718
2019-07-31,325990.03487312276
2019-08-01,312578.86929788376
2019-08-02,308992.7462099646
2019-08-05,294904.46753659897
2019-08-06,194544.14452657825
2019-08-07,121782.4785434333
2019-08-08,106323.11311321726
2019-08-09,105563.28130175096
2019-08-12,103588.9848362626
2019-08-13,77855.54212694851
2019-08-14,54189.626456512364
2019-08-15,254141.06887565897
2019-08-16,250628.3092293763
2019-08-19,255016.41271724846
2019-08-20,254040.0659585898
2019-08-21,232952.74918932628
2019-08-22,220985.9092424458
2019-08-23,217053.42338511674
2019-08-26,208293.5983168223
2019-08-27,209436.45712461293
2019-08-28,208951.70618080386
2019-08-29,186140.604517828
2019-08-30,174459.75421221572
2019-09-02,166267.2871167825
2019-09-03,152613.68702407
2019-09-04,141462.5328332606
2019-09-05,142282.55120109505
2019-09-06,142793.15596358024
2019-09-09,141479.6546833337
2019-09-10,137754.321575738
2019-09-11,137354.2067853177
2019-09-12,137799.78573363792
2019-09-16,138096.3228810048
2019-09-17,137305.2818500373
2019-09-18,135063.4063131197
2019-09-19,126174.30501025653
2019-09-20,79854.9615831989
2019-09-23,75518.07240323315
2019-09-24,63502.03113067598
2019-09-25,62820.65397396361
2019-09-26,25483.1521943018
2019-09-27,25534.14043629371
2019-09-30,260056.66762510882
2019-10-08,259417.8223330329
2019-10-09,261414.72493036155
2019-10-10,264464.70726783056
2019-10-11,138636.67438328228
2019-10-14,138923.30117770398
2019-10-15,322398.1859995607
2019-10-16,321220.7141955855
2019-10-17,313486.9686878606
2019-10-18,294675.9557122657
2019-10-21,127136.69003804926
2019-10-22,127446.46398404632
2019-10-23,110803.93182318164
2019-10-24,95335.99170709819
2019-10-25,95250.92947798042
2019-10-28,79015.26818860264
2019-10-29,78619.69989796642
2019-10-30,78318.84548560786
2019-10-31,253776.0819134518
2019-11-01,256046.65698117536
2019-11-04,258402.40072682817
2019-11-05,260175.54580248776
2019-11-06,208771.1367793793
2019-11-07,209080.41574674865
2019-11-08,208922.7414743865
2019-11-11,175396.16484737291
2019-11-12,165071.25004014012
2019-11-13,155422.2601272707
2019-11-14,119514.45317790525
2019-11-15,253859.39204625174
2019-11-18,255402.7147690743
2019-11-19,257579.2462796241
2019-11-20,249215.61668451302
2019-11-21,152105.22370489442
2019-11-22,150743.32007437875
2019-11-25,83833.28373894503
2019-11-26,72706.8937690252
2019-11-27,51859.806330538464
2019-11-28,44413.162212515315
2019-11-29,44385.66486883632
2019-12-02,44469.97787374781
2019-12-03,32509.864092904227
2019-12-04,32513.12608697877
2019-12-05,32538.621190710797
2019-12-06,32560.555641051065
2019-12-09,32576.301735521723
2019-12-10,30466.315014909636
2019-12-11,29030.37808721038
2019-12-12,28080.416076849157
2019-12-13,27465.244256723323
2019-12-16,27077.774761391815
2019-12-17,26829.179079604914
2019-12-18,26231.005133597628
2019-12-19,26237.16210615015
2019-12-20,26254.86318034709
2019-12-23,14701.14858327344
2019-12-24,11234.091748978843
2019-12-25,11234.042366124606
2019-12-26,11243.421441607028
2019-12-27,11243.098638792331
2019-12-30,11249.66434359646
2019-12-31,335701.0977139107
2020-01-02,341900.0557953378
2020-01-03,340795.00100183306
2020-01-06,342612.01531969436
2020-01-07,343279.18393412716
2020-01-08,329275.0807769409
2020-01-09,335098.20836243115
2020-01-10,309379.8792845483
2020-01-13,313781.88116561936
2020-01-14,311192.4255458357
2020-01-15,390490.0832995581
2020-01-16,391230.14550257823
2020-01-17,353363.8648531159
2020-01-20,359604.6431680461
2020-01-21,269861.8015453915
2020-01-22,253946.4596311593
2020-01-23,250122.86240434417
2020-02-03,217500.14805266063
2020-02-04,222934.1153335554
2020-02-05,193173.87658525637
2020-02-06,156778.75950170856
2020-02-07,156946.7142211639
2020-02-10,154359.60984012595
2020-02-11,152131.27502670704
2020-02-12,145435.02861550075
2020-02-13,139928.87535808855
2020-02-14,132056.69363442386
2020-02-17,123534.11674789767
2020-02-18,113082.48286370236
2020-02-19,107042.0013942161
2020-02-20,92500.23830647036
2020-02-21,82399.25890557827
2020-02-24,69329.46747439331
2020-02-25,60020.63612792901
2020-02-26,44523.823105315605
2020-02-27,41352.01929764689
2020-02-28,38986.36633886045
2020-03-02,36053.35029407328
2020-03-03,34586.62833034383
2020-03-04,34012.395121209935
2020-03-05,34087.23532012763
2020-03-06,32414.949052568623
2020-03-09,32353.149429449924
2020-03-10,32430.273115817574
2020-03-11,32362.44931966131
2020-03-12,13038.45086017791
2020-03-13,13034.149216847003
2020-03-16,13007.519866461855
2020-03-17,13003.475735964521
2020-03-18,0.0
2020-03-19,0.0
2020-03-20,0.0
2020-03-23,0.0
2020-03-24,0.0
2020-03-25,0.0
2020-03-26,0.0
2020-03-27,0.0
2020-03-30,0.0
2020-03-31,0.0
2020-04-01,0.0
2020-04-02,0.0
2020-04-03,0.0
2020-04-07,0.0
2020-04-08,0.0
2020-04-09,0.0
2020-04-10,0.0
2020-04-13,0.0
2020-04-14,0.0
2020-04-15,169507.0724202063
2020-04-16,169834.2308543326
2020-04-17,170531.82781945146
2020-04-20,170926.46696458146
2020-04-21,155948.9186292949
2020-04-22,156388.24071149333
2020-04-23,138703.48740541417
2020-04-24,123215.87434081176
2020-04-27,123557.08468487108
2020-04-28,93560.00276119968
2020-04-29,93629.53606924642
2020-04-30,300151.6691851012
2020-05-06,301805.03742570634
2020-05-07,301149.76039639814
2020-05-08,302517.0003843835
2020-05-11,261064.3378364545
2020-05-12,262429.9664620309
2020-05-13,262740.2120938583
2020-05-14,261467.09641539716
2020-05-15,268987.0322331324
2020-05-18,266782.49836664146
2020-05-19,262312.2631101895
2020-05-20,257999.18636333614
2020-05-21,138796.5894214431
2020-05-22,111966.6815428345
2020-05-25,73896.33958794641
2020-05-26,50160.321301695156
2020-05-27,33081.246188383426
2020-05-28,14585.488748750824
2020-05-29,14598.55026758364
2020-06-01,14616.547414074039
2020-06-02,14634.074988492375
2020-06-03,14637.740606291272
2020-06-04,14640.624820754734
2020-06-05,14640.329625926275
2020-06-08,14652.913217969965
2020-06-09,14643.614509957648
2020-06-10,14653.561331239212
2020-06-11,9780.069521992222
2020-06-12,9778.62231454308
2020-06-15,265092.9002719892
2020-06-16,268078.09846527653
2020-06-17,266479.8848612978
2020-06-18,267259.326389196
2020-06-19,205822.05132764997
2020-06-22,195369.15043623396
2020-06-23,194978.06191810328
2020-06-24,193932.72781005607
2020-06-29,180814.61019833919
2020-06-30,378134.8249620276
2020-07-01,382195.6034167597
2020-07-02,387329.5471262112
2020-07-03,385141.78518391924
2020-07-06,367246.7109066069
2020-07-07,361215.0109570854
2020-07-08,346939.4110533653
2020-07-09,332774.07829135464
2020-07-10,321397.12436193204
2020-07-13,306459.8118132011
2020-07-14,288848.5824807653
2020-07-15,470313.45859460667
2020-07-16,444334.2893635726
2020-07-17,429173.55346248794
2020-07-20,386469.0760385886
2020-07-21,162107.6597891088
2020-07-22,140670.636941067
2020-07-23,138502.67278190798
2020-07-24,116208.44887358375
2020-07-27,116787.65774197446
2020-07-28,95456.43734459941
2020-07-29,75258.02633131761
2020-07-30,74273.85570940457
2020-07-31,467013.78312309965
2020-08-03,470444.97902588994
2020-08-04,468927.36085179733
2020-08-05,470804.02346776915
2020-08-06,413201.2907546456
2020-08-07,407187.07710250746
2020-08-10,407476.50321777776
2020-08-11,351929.78100149264
2020-08-12,333424.78180292883
2020-08-13,313099.1915549834
2020-08-14,168663.72083053304
2020-08-17,152726.98874648253
2020-08-18,134482.95486224024
2020-08-19,133738.16538430352
2020-08-20,133679.35092373064
2020-08-21,112572.0815009649
2020-08-24,92101.27324633977
2020-08-25,90850.91958635485
2020-08-26,71817.37782453989
2020-08-27,35716.5218150579
2020-08-28,35444.33477522634
2020-08-31,457372.08311437606
2020-09-01,459910.89492776245
2020-09-02,460605.9431557621
2020-09-03,457809.00132894923
2020-09-04,279063.4098331107
2020-09-07,274353.58510262694
2020-09-08,237218.55342265713
2020-09-09,163142.11077742264
2020-09-10,109436.40201846066
2020-09-11,110131.34643050903
2020-09-14,53069.96487855469
2020-09-15,421880.933502823
2020-09-16,417928.43861714826
2020-09-17,417101.0649044836
2020-09-18,405848.2857562441
2020-09-21,272035.28785054217
2020-09-22,251654.24986784236
2020-09-23,252133.43271500245
2020-09-24,212161.81832757307
2020-09-25,212496.53004189796
2020-09-28,161760.52107373174
2020-09-29,115923.37758523115
2020-09-30,414301.9527304451
2020-10-09,425874.92301242985
2020-10-12,434251.71838130214
2020-10-13,433107.80543659744
2020-10-14,410597.1204856983
2020-10-15,476133.1894526885
2020-10-16,475040.2175464368
2020-10-19,451868.75247315364
2020-10-20,432620.2267851204
2020-10-21,358966.1049546039
2020-10-22,273555.33086580166
2020-10-23,233157.71959959544
2020-10-26,220682.8847033728
2020-10-27,172184.11498618269
2020-10-28,138638.66406665262
2020-10-29,119058.39069969648
2020-10-30,111026.43678488386
2020-11-02,111555.51094369736
2020-11-03,111727.27977409174
2020-11-04,111874.90097666139
2020-11-05,112446.97450803568
2020-11-06,112479.3902873629
2020-11-09,112921.3480527042
2020-11-10,112732.38375491837
2020-11-11,112079.74766249662
2020-11-12,112106.95339792628
2020-11-13,96457.89805598708
2020-11-16,50423.53438024705
2020-11-17,50447.840854792055
2020-11-18,50413.49137176231
2020-11-19,50446.34000886245
2020-11-20,50484.52305691959
2020-11-23,50535.07213976955
2020-11-24,50496.01433416906
2020-11-25,50420.48284178312
2020-11-26,50419.748991060806
2020-11-27,39014.38094170538
2020-11-30,443600.3656073558
2020-12-01,451878.6273078999
2020-12-02,452113.2957759807
2020-12-03,449317.1702193742
2020-12-04,411942.60311652045
2020-12-07,356640.9223238947
2020-12-08,342679.6216795329
2020-12-09,302913.2883177816
2020-12-10,228451.71957815107
2020-12-11,178856.20165919926
2020-12-14,141819.88540929364
2020-12-15,446532.30116733763
2020-12-16,415044.2400727228
2020-12-17,418929.7023079604
2020-12-18,418199.8600394865
2020-12-21,313243.2296985251
2020-12-22,310435.98751069437
2020-12-23,273938.40746258455
2020-12-24,272114.9133371414
2020-12-25,248150.4691391899
2020-12-28,245580.01765049246
2020-12-29,243402.22630203707
2020-12-30,234112.78824557157
2020-12-31,442733.5158432838
2021-01-04,443453.0110727428
2021-01-05,444309.87730835314
2021-01-06,444552.37924728723
2021-01-07,422851.56007003493
2021-01-08,400071.9430784337
2021-01-11,384387.11253852426
2021-01-12,367382.76533159765
2021-01-13,345305.1004438396
2021-01-14,329560.5043004213
2021-01-15,540511.869773597
2021-01-18,517049.49161845626
2021-01-19,445840.06826323556
2021-01-20,432250.5500318104
2021-01-21,329315.60187259293
2021-01-22,307670.28020384343
2021-01-25,287038.64750721294
2021-01-26,284226.63340385875
2021-01-27,234454.89445160987
2021-01-28,203540.22547776953
2021-01-29,177452.09717558598
2021-02-01,175401.03935626434
2021-02-02,148219.78969484038
2021-02-03,127710.72124048529
2021-02-04,127659.16580069397
2021-02-05,121975.4344346021
2021-02-08,94636.42573878243
2021-02-09,86183.71932979887
2021-02-10,80626.20804848881
2021-02-18,76518.34177013033
2021-02-19,74511.9428551895
2021-02-22,74162.3695661116
2021-02-23,73051.18931942
2021-02-24,70157.75637972963
2021-02-25,48451.86816711458
2021-02-26,48271.52150867704
2021-03-01,0.0
2021-03-02,0.0
2021-03-03,0.0
2021-03-04,0.0
2021-03-05,0.0
2021-03-08,0.0
2021-03-09,0.0
2021-03-10,0.0
2021-03-11,0.0
2021-03-12,0.0
2021-03-15,329196.21929663996
2021-03-16,329806.75843751547
2021-03-17,332225.3319234049
2021-03-18,333538.16460987885
2021-03-19,182033.871095172
2021-03-22,159808.96714813373
2021-03-23,159234.48379070536
2021-03-24,131254.41770088632
2021-03-25,107057.63255834673
2021-03-26,92976.08375011287
2021-03-29,82331.13818475741
2021-03-30,67200.7671520029
2021-03-31,323174.84479317715
2021-04-01,325735.4119183571
2021-04-02,327455.5265486942
2021-04-06,326511.9680897427
2021-04-07,245335.259044145
2021-04-08,245164.67620108306
2021-04-09,237583.8720969642
2021-04-12,207767.8321304784
2021-04-13,195033.46454246988
2021-04-14,135594.2563928948
2021-04-15,185261.12967739426
2021-04-16,184947.6331801407
2021-04-19,187228.14942270526
2021-04-20,187195.2574948238
2021-04-21,131981.85822394743
2021-04-22,132134.71742880446
2021-04-23,132807.1523095625
2021-04-26,132590.91453451983
2021-04-27,132692.7834113219
2021-04-28,133019.72778924924
2021-04-29,127653.40312298859
2021-04-30,277906.46169928956
2021-05-06,275205.0338436668
2021-05-07,273065.04442781885
2021-05-10,272547.74819160264
2021-05-11,142390.07259525167
2021-05-12,116682.56849661471
2021-05-13,115388.86865532964
2021-05-14,114989.01710494196
2021-05-17,115529.96397261838
2021-05-18,106631.66570575598
2021-05-19,105025.68685523269
2021-05-20,104634.97700148943
2021-05-21,104854.47593037265
2021-05-24,100416.75220552883
2021-05-25,86398.66837709692
2021-05-26,86299.23490441826
2021-05-27,86363.76380801362
2021-05-28,86459.27297707282
2021-05-31,359702.8015958629
2021-06-01,360457.1217323621
2021-06-02,357158.5783200361
2021-06-03,354749.52208054037
2021-06-04,280395.79585452797
2021-06-07,229664.28438526412
2021-06-08,190179.0188398897
2021-06-09,168988.615940825
2021-06-10,147557.71872338303
2021-06-11,126097.88689452494
2021-06-15,312746.44133816287
2021-06-16,306487.3030821765
2021-06-17,285269.466971565
2021-06-18,286487.13787037035
2021-06-21,130706.63367582574
2021-06-22,126748.40763345422
2021-06-23,124248.55983473547
2021-06-24,122579.37157428132
2021-06-25,121859.84732477766
2021-06-28,110085.17323529831
2021-06-29,109428.09900492798
2021-06-30,278202.8425764558
2021-07-01,276628.5966215904
2021-07-02,263554.4365558628
2021-07-05,265615.3301623328
2021-07-06,220296.22154513493
2021-07-07,161384.7533535308
2021-07-08,160747.2407755669
2021-07-09,146965.95882680637
2021-07-12,139207.9113203586
2021-07-13,135500.7102517544
2021-07-14,131242.82955198464
2021-07-15,284846.2926202206
2021-07-16,283289.36503375333
2021-07-19,258619.03514413338
2021-07-20,259377.51950331856
2021-07-21,202056.24985231637
2021-07-22,201111.1066213305
2021-07-23,182186.46276773946
2021-07-26,165065.93737761077
2021-07-27,149885.9708683934
2021-07-28,149269.25316614567
2021-07-29,121409.12909560399
2021-07-30,95873.49730172053
2021-08-02,92431.19504118437
2021-08-03,91803.56768857905
2021-08-04,90287.60484475513
2021-08-05,71602.26690392314
2021-08-06,70709.28586006048
2021-08-09,70437.1049234415
2021-08-10,58698.281123808665
2021-08-11,45862.799671632485
2021-08-12,31811.81931854528
2021-08-13,31764.822475035053
2021-08-16,31675.64059048845
2021-08-17,17156.13627550332
2021-08-18,17172.07807343384
2021-08-19,0.0
2021-08-20,0.0
2021-08-23,0.0
2021-08-24,0.0
2021-08-25,0.0
2021-08-26,0.0
2021-08-27,0.0
2021-08-30,0.0
2021-08-31,0.0
2021-09-01,0.0
2021-09-02,0.0
2021-09-03,0.0
2021-09-06,0.0
2021-09-07,0.0
2021-09-08,0.0
2021-09-09,0.0
2021-09-10,0.0
2021-09-13,0.0
2021-09-14,0.0
2021-09-15,219347.98250675364
2021-09-16,217018.9019331502
2021-09-17,216677.42373781445
2021-09-22,217334.87157817834
2021-09-23,72583.67166297746
2021-09-24,61466.70524090448
2021-09-27,42312.45056607515
2021-09-28,42394.17021168263
2021-09-29,21370.642217174183
2021-09-30,0.0
2021-10-08,0.0
2021-10-11,0.0
2021-10-12,0.0
2021-10-13,0.0
2021-10-14,0.0
2021-10-15,206488.87645124248
2021-10-18,207539.99517459364
2021-10-19,207771.713631638
2021-10-20,208465.46370341405
2021-10-21,177249.0345280932
2021-10-22,176530.03082011646
2021-10-25,167159.45162103476
2021-10-26,167430.39240324387
2021-10-27,167762.99880201163
2021-10-28,166307.9397143074
2021-10-29,155855.9152981483
2021-11-01,125361.50165754922
2021-11-02,93798.60747384728
2021-11-03,93544.33071835987
2021-11-04,76121.93115328875
2021-11-05,45205.4566054191
2021-11-08,45308.03087370731
2021-11-09,45372.34048665933
2021-11-10,34608.131189916894
2021-11-11,34606.39476916491
2021-11-12,34599.49392776151
2021-11-15,0.0
2021-11-16,0.0
2021-11-17,0.0
2021-11-18,0.0
2021-11-19,0.0
2021-11-22,0.0
2021-11-23,0.0
2021-11-24,0.0
2021-11-25,0.0
2021-11-26,0.0
2021-11-29,0.0
2021-11-30,200058.17739701216
2021-12-01,199926.7707552589
2021-12-02,200134.9624538884
2021-12-03,200109.06158305207
2021-12-06,111289.75728269185
2021-12-07,110865.25097014105
2021-12-08,111263.61609725938
2021-12-09,66594.25736361911
2021-12-10,56559.53243575696
2021-12-13,56698.038181831886
2021-12-14,56643.24248682415
2021-12-15,315998.22659635515
2021-12-16,317089.3925369918
2021-12-17,314318.43638573366
2021-12-20,310348.976410465
2021-12-21,141955.12237810623
2021-12-22,119841.58004768328
2021-12-23,85699.50545337431
2021-12-24,84326.73365483788
2021-12-27,64567.23005679567
2021-12-28,63987.676635435506
2021-12-29,56381.32524710412
2021-12-30,56394.49105360875
2021-12-31,240575.79727336895
2022-01-04,239212.7099351729
2022-01-05,236745.9821397603
2022-01-06,237294.22888758496
2022-01-07,111259.38804687199
2022-01-10,83998.85263988933
2022-01-11,68030.87837815889
2022-01-12,58321.001470947886
2022-01-13,58228.89835012174
2022-01-14,53292.40236219508
2022-01-17,41782.922215408194
2022-01-18,41865.85018560012
2022-01-19,31975.830084061567
2022-01-20,32034.80013200305
2022-01-21,31990.492905765812
2022-01-24,31982.765393309728
2022-01-25,31937.022724684688
2022-01-26,20730.898007444976
2022-01-27,20739.61755581946
2022-01-28,20714.183054379224
2022-02-07,20765.535014662324
2022-02-08,20775.006765399532
2022-02-09,20770.452136430682
2022-02-10,20768.03472554242
2022-02-11,20762.50041849468
2022-02-14,20757.28061808669
2022-02-15,0.0
2022-02-16,0.0
2022-02-17,0.0
2022-02-18,0.0
2022-02-21,0.0
2022-02-22,0.0
2022-02-23,0.0
2022-02-24,0.0
2022-02-25,0.0
2022-02-28,0.0
2022-03-01,0.0
2022-03-02,0.0
2022-03-03,0.0
2022-03-04,0.0
2022-03-07,0.0
2022-03-08,0.0
2022-03-09,0.0
2022-03-10,0.0
2022-03-11,0.0
2022-03-14,0.0
2022-03-15,0.0
2022-03-16,0.0
2022-03-17,0.0
2022-03-18,0.0
2022-03-21,0.0
2022-03-22,0.0
2022-03-23,0.0
2022-03-24,0.0
2022-03-25,0.0
2022-03-28,0.0
2022-03-29,0.0
2022-03-30,0.0
2022-03-31,0.0
2022-04-01,0.0
2022-04-06,0.0
2022-04-07,0.0
2022-04-08,0.0
2022-04-11,0.0
2022-04-12,0.0
2022-04-13,0.0
2022-04-14,0.0
2022-04-15,0.0
2022-04-18,0.0
2022-04-19,0.0
2022-04-20,0.0
2022-04-21,0.0
2022-04-22,0.0
2022-04-25,0.0
2022-04-26,0.0
2022-04-27,0.0
2022-04-28,0.0
2022-04-29,0.0
2022-05-05,0.0
2022-05-06,0.0
2022-05-09,0.0
2022-05-10,0.0
2022-05-11,0.0
2022-05-12,0.0
2022-05-13,0.0
2022-05-16,0.0
2022-05-17,0.0
2022-05-18,0.0
2022-05-19,0.0
2022-05-20,0.0
2022-05-23,0.0
2022-05-24,0.0
2022-05-25,0.0
2022-05-26,0.0
2022-05-27,0.0
2022-05-30,0.0
2022-05-31,0.0
2022-06-01,0.0
2022-06-02,0.0
2022-06-06,0.0
2022-06-07,0.0
2022-06-08,0.0
2022-06-09,0.0
2022-06-10,0.0
2022-06-13,0.0
2022-06-14,0.0
2022-06-15,0.0
2022-06-16,0.0
2022-06-17,0.0
2022-06-20,0.0
2022-06-21,0.0
2022-06-22,0.0
2022-06-23,0.0
2022-06-24,0.0
2022-06-27,0.0
2022-06-28,0.0
2022-06-29,0.0
2022-06-30,0.0
2022-07-01,0.0
2022-07-04,0.0
2022-07-05,0.0
2022-07-06,0.0
2022-07-07,0.0
2022-07-08,0.0
2022-07-11,0.0
2022-07-12,0.0
2022-07-13,0.0
2022-07-14,0.0
2022-07-15,0.0
2022-07-18,0.0
2022-07-19,0.0
2022-07-20,0.0
2022-07-21,0.0
2022-07-22,0.0
2022-07-25,0.0
2022-07-26,0.0
2022-07-27,0.0
2022-07-28,0.0
2022-07-29,0.0
2022-08-01,0.0
2022-08-02,0.0
2022-08-03,0.0
2022-08-04,0.0
2022-08-05,0.0
2022-08-08,0.0
2022-08-09,0.0
2022-08-10,0.0
2022-08-11,0.0
2022-08-12,0.0
2022-08-15,0.0
2022-08-16,0.0
2022-08-17,0.0
2022-08-18,0.0
2022-08-19,0.0
2022-08-22,0.0
2022-08-23,0.0
2022-08-24,0.0
2022-08-25,0.0
2022-08-26,0.0
2022-08-29,0.0
2022-08-30,0.0
2022-08-31,0.0
2022-09-01,0.0
2022-09-02,0.0
2022-09-05,0.0
2022-09-06,0.0
2022-09-07,0.0
2022-09-08,0.0
2022-09-09,0.0
2022-09-13,0.0
2022-09-14,0.0
2022-09-15,0.0
2022-09-16,0.0
2022-09-19,0.0
2022-09-20,0.0
2022-09-21,0.0
2022-09-22,0.0
2022-09-23,0.0
2022-09-26,0.0
2022-09-27,0.0
2022-09-28,0.0
2022-09-29,0.0
2022-09-30,0.0
2022-10-10,0.0
2022-10-11,0.0
2022-10-12,0.0
2022-10-13,0.0
2022-10-14,0.0
2022-10-17,0.0
2022-10-18,0.0
2022-10-19,0.0
2022-10-20,0.0
2022-10-21,0.0
2022-10-24,0.0
2022-10-25,0.0
2022-10-26,0.0
2022-10-27,0.0
2022-10-28,0.0
2022-10-31,0.0
2022-11-01,0.0
2022-11-02,0.0
2022-11-03,0.0
2022-11-04,0.0
2022-11-07,0.0
2022-11-08,0.0
2022-11-09,0.0
2022-11-10,0.0
2022-11-11,0.0
2022-11-14,0.0
2022-11-15,0.0
2022-11-16,0.0
2022-11-17,0.0
2022-11-18,0.0
2022-11-21,0.0
2022-11-22,0.0
2022-11-23,0.0
2022-11-24,0.0
2022-11-25,0.0
2022-11-28,0.0
2022-11-29,0.0
2022-11-30,0.0
2022-12-01,0.0
2022-12-02,0.0
2022-12-05,0.0
2022-12-06,0.0
2022-12-07,0.0
2022-12-08,0.0
2022-12-09,0.0
2022-12-12,0.0
2022-12-13,0.0
2022-12-14,0.0
2022-12-15,0.0
2022-12-16,0.0
2022-12-19,0.0
2022-12-20,0.0
2022-12-21,0.0
2022-12-22,0.0
2022-12-23,0.0
2022-12-26,0.0
2022-12-27,0.0
2022-12-28,0.0
2022-12-29,0.0
2022-12-30,0.0
2023-01-03,0.0
2023-01-04,0.0
2023-01-05,0.0
2023-01-06,0.0
2023-01-09,0.0
2023-01-10,0.0
2023-01-11,0.0
2023-01-12,0.0
2023-01-13,0.0
2023-01-16,0.0
2023-01-17,0.0
2023-01-18,0.0
2023-01-19,0.0
2023-01-20,0.0
2023-01-30,0.0
2023-01-31,306324.54001677607
2023-02-01,308703.4936351942
2023-02-02,307012.7179264017
2023-02-03,306135.1301021224
2023-02-06,303990.6352959041
2023-02-07,267141.31367140776
2023-02-08,204911.94337727936
2023-02-09,176775.2447779833
2023-02-10,153329.84702278496
2023-02-13,139627.18617838825
2023-02-14,130773.23309328037
2023-02-15,301510.168687817
2023-02-16,300023.5416572874
2023-02-17,288759.04706582986
2023-02-20,292664.83172876673
2023-02-21,196086.24640241312
2023-02-22,195902.8747457412
2023-02-23,195403.10995635463
2023-02-24,194619.48802087703
2023-02-27,164335.75626225784
2023-02-28,301016.8306870178
2023-03-01,304920.75964236824
2023-03-02,303666.58952175255
2023-03-03,304579.13898905687
2023-03-06,237989.3199479074
2023-03-07,188160.15281802329
2023-03-08,188437.12023805716
2023-03-09,143211.42563371357
2023-03-10,108662.03087051127
2023-03-13,84075.97399019852
2023-03-14,83922.39891963535
2023-03-15,215843.15131518373
2023-03-16,214632.3288279029
2023-03-17,215892.80237132398
2023-03-20,215455.54289986394
2023-03-21,115241.34596186153
2023-03-22,103421.40601585493
2023-03-23,96959.94666425168
2023-03-24,95620.36343522955
2023-03-27,94583.48430238891
2023-03-28,93568.7422397543
2023-03-29,71996.26803698609
2023-03-30,70888.08955921279
2023-03-31,326377.9309042466
2023-04-03,332345.8259968589
2023-04-04,328415.85877765145
2023-04-06,327437.95963485626
2023-04-07,298824.40981087147
2023-04-10,285189.2127323211
2023-04-11,284496.7763879618
2023-04-12,271904.4082991219
2023-04-13,204796.892341188
2023-04-14,189077.62218164204
2023-04-17,157225.1575109068
2023-04-18,156284.4469315724
2023-04-19,155248.07113164122
2023-04-20,115818.17890167897
2023-04-21,92821.4426311806
2023-04-24,76056.93542292024
2023-04-25,59602.82226451713
2023-04-26,43214.66034978503
2023-04-27,26945.75985481531
2023-04-28,23321.457927879947
2023-05-04,20854.1545339636
2023-05-05,19194.02868012201
2023-05-08,18103.786216093536
2023-05-09,11307.870748807507
2023-05-10,11307.049428631328
2023-05-11,11303.083903210172
2023-05-12,9052.89783497643
2023-05-15,187491.24288676848
2023-05-16,187057.5164728996
2023-05-17,187583.00860413673
2023-05-18,188185.09624501553
2023-05-19,127640.95072010264
2023-05-22,113288.23035528779
2023-05-23,102465.24011225604
2023-05-24,102411.5661376863
2023-05-25,97458.99349122311
2023-05-26,89098.56853963346
2023-05-29,81596.59123838971
2023-05-30,62881.31843488967
2023-05-31,0.0
2023-06-01,0.0
2023-06-02,0.0
2023-06-05,0.0
2023-06-06,0.0
2023-06-07,0.0
2023-06-08,0.0
2023-06-09,0.0
2023-06-12,0.0
2023-06-13,0.0
2023-06-14,0.0
2023-06-15,210876.38298065
2023-06-16,212781.43008460448
2023-06-19,214929.1818047068
2023-06-20,215870.08033123674
2023-06-21,192138.36894918737
2023-06-26,181872.20955267313
2023-06-27,172044.39120710557
2023-06-28,116462.29890623366
2023-06-29,69902.46026333536
2023-06-30,0.0
2023-07-03,0.0
2023-07-04,0.0
2023-07-05,0.0
2023-07-06,0.0
2023-07-07,0.0
2023-07-10,0.0
2023-07-11,0.0
2023-07-12,0.0
2023-07-13,0.0
2023-07-14,0.0
2023-07-17,0.0
2023-07-18,0.0
2023-07-19,0.0
2023-07-20,0.0
2023-07-21,0.0
2023-07-24,0.0
2023-07-25,0.0
2023-07-26,0.0
2023-07-27,0.0
2023-07-28,0.0
2023-07-31,314690.5204150413
2023-08-01,315606.7594961799
2023-08-02,315748.8833161028
2023-08-03,315799.46818942914
2023-08-04,273962.939958714
2023-08-07,273498.6745801207
2023-08-08,271672.03875347547
2023-08-09,244089.32717122062
2023-08-10,220785.88760989
2023-08-11,156063.10798688632
2023-08-14,89798.38825262936
2023-08-15,0.0
2023-08-16,0.0
2023-08-17,0.0
2023-08-18,0.0
2023-08-21,0.0
2023-08-22,0.0
2023-08-23,0.0
2023-08-24,0.0
2023-08-25,0.0
2023-08-28,0.0
2023-08-29,0.0
2023-08-30,0.0
2023-08-31,0.0
2023-09-01,0.0
2023-09-04,0.0
2023-09-05,0.0
2023-09-06,0.0
2023-09-07,0.0
2023-09-08,0.0
2023-09-11,0.0
2023-09-12,0.0
2023-09-13,0.0
2023-09-14,0.0
2023-09-15,0.0
2023-09-18,0.0
2023-09-19,0.0
2023-09-20,0.0
2023-09-21,0.0
2023-09-22,0.0
2023-09-25,0.0
2023-09-26,0.0
2023-09-27,0.0
2023-09-28,0.0
2023-10-09,0.0
2023-10-10,0.0
2023-10-11,0.0
2023-10-12,0.0
2023-10-13,0.0
2023-10-16,0.0
2023-10-17,0.0
2023-10-18,0.0
2023-10-19,0.0
2023-10-20,0.0
2023-10-23,0.0
2023-10-24,0.0
2023-10-25,0.0
2023-10-26,0.0
2023-10-27,0.0
2023-10-30,0.0
2023-10-31,0.0
2023-11-01,0.0
2023-11-02,0.0
2023-11-03,0.0
2023-11-06,0.0
2023-11-07,0.0
2023-11-08,0.0
2023-11-09,0.0
2023-11-10,0.0
2023-11-13,0.0
2023-11-14,0.0
2023-11-15,0.0
2023-11-16,0.0
2023-11-17,0.0
2023-11-20,0.0
2023-11-21,0.0
2023-11-22,0.0
2023-11-23,0.0
2023-11-24,0.0
2023-11-27,0.0
2023-11-28,0.0
2023-11-29,0.0
2023-11-30,0.0
2023-12-01,0.0
2023-12-04,0.0
2023-12-05,0.0
2023-12-06,0.0
2023-12-07,0.0
2023-12-08,0.0
2023-12-11,0.0
2023-12-12,0.0
2023-12-13,0.0
2023-12-14,0.0
2023-12-15,0.0
2023-12-18,0.0
2023-12-19,0.0
2023-12-20,0.0
2023-12-21,0.0
2023-12-22,0.0
2023-12-25,0.0
2023-12-26,0.0
2023-12-27,0.0
2023-12-28,0.0
2023-12-29,0.0
2024-01-02,0.0
2024-01-03,0.0
2024-01-04,0.0
2024-01-05,0.0
2024-01-08,0.0
2024-01-09,0.0
2024-01-10,0.0
2024-01-11,0.0
2024-01-12,0.0
2024-01-15,0.0
2024-01-16,0.0
2024-01-17,0.0
2024-01-18,0.0
2024-01-19,0.0
2024-01-22,0.0
2024-01-23,0.0
2024-01-24,0.0
2024-01-25,0.0
2024-01-26,0.0
2024-01-29,0.0
2024-01-30,0.0
2024-01-31,0.0
2024-02-01,0.0
2024-02-02,0.0
2024-02-05,0.0
2024-02-06,0.0
2024-02-07,0.0
2024-02-08,0.0
2024-02-19,0.0
2024-02-20,0.0
2024-02-21,0.0
2024-02-22,0.0
2024-02-23,0.0
2024-02-26,0.0
2024-02-27,0.0
2024-02-28,0.0
2024-02-29,0.0
2024-03-01,0.0
2024-03-04,0.0
2024-03-05,0.0
2024-03-06,0.0
2024-03-07,0.0
2024-03-08,0.0
2024-03-11,0.0
2024-03-12,0.0
2024-03-13,0.0
2024-03-14,0.0
2024-03-15,237081.9311538257
2024-03-18,238977.39704266016
2024-03-19,237820.46997288833
2024-03-20,238426.98896382426
2024-03-21,177129.403735515
2024-03-22,159410.82047446485
2024-03-25,148802.7684550908
2024-03-26,130120.21845332797
2024-03-27,101277.35217946403
2024-03-28,63230.08520527555
2024-03-29,63330.11983149416
2024-04-01,56671.69499119819
2024-04-02,56655.24221614554
2024-04-03,48376.47293983311
2024-04-08,48369.54720026911
2024-04-09,48356.46230106656
2024-04-10,38618.04234587259
2024-04-11,38646.76955730282
2024-04-12,38646.080265612814
2024-04-15,0.0
2024-04-16,0.0
2024-04-17,0.0
2024-04-18,0.0
2024-04-19,0.0
2024-04-22,0.0
2024-04-23,0.0
2024-04-24,0.0
2024-04-25,0.0
2024-04-26,0.0
2024-04-29,0.0
2024-04-30,238544.3770814282
2024-05-06,239412.7793345482
2024-05-07,238373.89954280568
2024-05-08,236771.7775380086
2024-05-09,182799.7431741207
2024-05-10,161732.76550951976
2024-05-13,135167.24596836357
2024-05-14,135319.07945536767
2024-05-15,225262.56196664512
2024-05-16,225597.73730699415
2024-05-17,226835.07101498262
2024-05-20,227517.16753431395
2024-05-21,135064.5333289053
2024-05-22,119437.14717019061
2024-05-23,110892.29810420601
2024-05-24,110433.40391952729
2024-05-27,96205.33486960856
2024-05-28,49857.66537683501
2024-05-29,45043.679659150024
2024-05-30,44976.825429174554
2024-05-31,230338.94871862503
2024-06-03,231258.8580885051
2024-06-04,231949.93493357487
2024-06-05,230605.1128825863
2024-06-06,83822.12342652836
2024-06-07,76670.01891186369
2024-06-11,76560.51984083108
2024-06-12,76672.75681016289
2024-06-13,70873.53227404594
2024-06-14,60338.05864966769
2024-06-17,60402.51383463824
2024-06-18,60437.092332841996
2024-06-19,60464.54308441659
2024-06-20,60403.100009542555
2024-06-21,51944.99680870677
2024-06-24,51864.93236910213
2024-06-25,51778.56166299292
2024-06-26,40362.21025938599
2024-06-27,29546.688068404383
2024-06-28,29563.54847567039
2024-07-01,29582.46013953312
2024-07-02,22131.878694423314
2024-07-03,22131.5793497768
2024-07-04,22132.80471446557
2024-07-05,10659.077115770593
2024-07-08,10663.60351449432
2024-07-09,10666.789935944855
2024-07-10,10666.370330335323
2024-07-11,10667.742751511378
2024-07-12,10666.719596659364
2024-07-15,0.0
2024-07-16,0.0
2024-07-17,0.0
2024-07-18,0.0
2024-07-19,0.0
2024-07-22,0.0
2024-07-23,0.0
2024-07-24,0.0
2024-07-25,0.0
2024-07-26,0.0
2024-07-29,0.0
2024-07-30,0.0
2024-07-31,0.0
2024-08-01,0.0
2024-08-02,0.0
2024-08-05,0.0
2024-08-06,0.0
2024-08-07,0.0
2024-08-08,0.0
2024-08-09,0.0
2024-08-12,0.0
2024-08-13,0.0
2024-08-14,0.0
2024-08-15,0.0
2024-08-16,0.0
2024-08-19,0.0
2024-08-20,0.0
2024-08-21,0.0
2024-08-22,0.0
2024-08-23,0.0
2024-08-26,0.0
2024-08-27,0.0
2024-08-28,0.0
2024-08-29,0.0
2024-08-30,0.0
2024-09-02,0.0
2024-09-03,0.0
2024-09-04,0.0
2024-09-05,0.0
2024-09-06,0.0
2024-09-09,0.0
2024-09-10,0.0
2024-09-11,0.0
2024-09-12,0.0
2024-09-13,0.0
2024-09-18,0.0
2024-09-19,0.0
2024-09-20,0.0
2024-09-23,0.0
2024-09-24,0.0
2024-09-25,0.0
2024-09-26,0.0
2024-09-27,0.0
2024-09-30,505867.0247618595
2024-10-08,535231.648788364
2024-10-09,502965.5128379372
2024-10-10,506214.52175263094
2024-10-11,497504.86512146145
2024-10-14,504418.7250980303
2024-10-15,543825.5286139318
2024-10-16,543511.6923095084
2024-10-17,539243.0164144997
2024-10-18,507594.9490926647
2024-10-21,386706.7471712191
2024-10-22,364910.16712846374
2024-10-23,363897.65664453636
2024-10-24,280023.51195916825
2024-10-25,278804.78782785055
2024-10-28,278547.73426942166
2024-10-29,239741.05197703617
2024-10-30,221039.88864544738
2024-10-31,538476.066340099
2024-11-01,516277.0908895099
2024-11-04,485743.4905711802
2024-11-05,490562.602654649
2024-11-06,417282.5528839704
2024-11-07,421845.96637342195
2024-11-08,420688.2106559128
2024-11-11,362217.9457489592
2024-11-12,355784.7987591232
2024-11-13,280205.2637535091
2024-11-14,206993.820262142
2024-11-15,492552.23604515375
2024-11-18,480927.795505214
2024-11-19,455858.9845982869
2024-11-20,403150.05686952133
2024-11-21,47504.36454306862
2024-11-22,47320.282422607466
2024-11-25,47365.13323034194
2024-11-26,14181.504898987876
2024-11-27,14192.62486433826
2024-11-28,14206.706789922993
2024-11-29,14219.519147683965
2024-12-02,14216.930904479796
2024-12-03,14195.809321209445
2024-12-04,14197.513389581341
2024-12-05,14190.399832522558
2024-12-06,0.0
2024-12-09,0.0
2024-12-10,0.0
2024-12-11,0.0
2024-12-12,0.0
2024-12-13,0.0
2024-12-16,0.0
2024-12-17,0.0
2024-12-18,0.0
2024-12-19,0.0
2024-12-20,0.0
2024-12-23,0.0
2024-12-24,0.0
2024-12-25,0.0
2024-12-26,0.0
2024-12-27,0.0
2024-12-30,0.0
2024-12-31,483605.74155749823
2025-01-02,469820.1290053541
2025-01-03,454909.1479744051
2025-01-06,450607.07731115323
2025-01-07,38223.74417850365
2025-01-08,18946.843756501254
2025-01-09,18954.078115833017
2025-01-10,18917.996222976406
2025-01-13,0.0
2025-01-14,0.0
2025-01-15,284002.02529862965
2025-01-16,284996.79000129696
2025-01-17,286155.95367022185
2025-01-20,287392.55157462147
2025-01-21,289435.1865561595
2025-01-22,290064.6026578239
2025-01-23,288164.8007711473
2025-01-24,275570.9687802189
2025-01-27,246387.0407966591
2025-02-05,246380.35205939686
2025-02-06,249149.22799647308
2025-02-07,230111.5959092601
2025-02-10,193974.14772688187
2025-02-11,193462.20966680776
2025-02-12,189992.76248911297
2025-02-13,185717.0861654829
2025-02-14,171462.20345076517
2025-02-17,167531.63776031908
2025-02-18,126666.2444255316
2025-02-19,123557.89205975704
2025-02-20,109225.78389927706
2025-02-21,105070.12575322228
2025-02-24,97501.56919266036
2025-02-25,93688.73461053209
2025-02-26,92041.30209986496
2025-02-27,91842.51725372695
2025-02-28,406197.0496423087
2025-03-03,404277.51073712116
2025-03-04,406517.44054197223
2025-03-05,386472.1870454506
2025-03-06,194236.1776158554
2025-03-07,194591.45946568466
2025-03-10,194423.37114931835
2025-03-11,194917.24224889418
2025-03-12,138449.3166438258
2025-03-13,124372.70918151854
2025-03-14,124491.9556431202
2025-03-17,124567.54188041738
2025-03-18,105049.96248860148
2025-03-19,104825.07165065396
2025-03-20,104631.50431510585
2025-03-21,104236.83789124346
2025-03-24,92161.50692878189
2025-03-25,72160.7889908907
2025-03-26,72177.94214749504
2025-03-27,53544.32281119112
2025-03-28,35063.389910849764
2025-03-31,404330.569540275
2025-04-01,387235.41661807447
2025-04-02,387346.5750146319
2025-04-03,386042.42652683373
2025-04-07,91371.89462155114
2025-04-08,91169.1506059499
2025-04-09,60176.96724295405
2025-04-10,10418.774404951791
2025-04-11,10417.415187322018
2025-04-14,10417.590543874738
2025-04-15,300592.7708442565
2025-04-16,298343.8944791947
2025-04-17,299437.0380359741
2025-04-18,301114.86531494104
2025-04-21,266672.20523257216
2025-04-22,265837.11682449793
2025-04-23,266840.50472875097
2025-04-24,265822.9187394902
2025-04-25,267176.4968019544
2025-04-28,266598.6512324514
2025-04-29,254840.74367859648
2025-04-30,296323.5152204237
2025-05-06,297558.18936859583
2025-05-07,297785.42534499074
2025-05-08,298166.05136637535
2025-05-09,255653.52693631453
2025-05-12,257006.3694989118
2025-05-13,255291.59895394853
2025-05-14,217697.0927100167
2025-05-15,309848.54027615645
2025-05-16,310320.1480181829
2025-05-19,309932.04304569185
2025-05-20,287317.07883179735
2025-05-21,239164.21071415217
2025-05-22,193555.3893615904
2025-05-23,193261.11941826218
2025-05-26,134332.0982102259
2025-05-27,115251.51339501879
2025-05-28,95651.82582603057
2025-05-29,81845.80859104099
2025-05-30,80612.1279922746
2025-06-03,79823.64773693602
2025-06-04,79529.13029894815
2025-06-05,74545.64360572526
2025-06-06,70477.94455716117
2025-06-09,68270.34668774644
2025-06-10,66692.06892469793
2025-06-11,65693.54783023168
2025-06-12,65088.18409538636
2025-06-13,46514.13527483181
2025-06-16,46256.81387744702
2025-06-17,45637.71713054348
2025-06-18,39830.52390292106
2025-06-19,35870.945819696746
2025-06-20,33205.86225366855
2025-06-23,31426.90847119283
2025-06-24,13026.030688096678
2025-06-25,11848.535038559263
2025-06-26,5141.2735363069905
2025-06-27,4613.12859757066
2025-06-30,305252.81301187235
2025-07-01,307047.95138879336
2025-07-02,304452.10496822407
2025-07-03,307659.433520448
2025-07-04,270632.4942631822
2025-07-07,252436.89254417605
2025-07-08,248262.59384107144
2025-07-09,242687.11010076507
2025-07-10,238578.6813421621
2025-07-11,235963.13980087198
2025-07-14,220646.7602910326
2025-07-15,251963.34341364185
2025-07-16,251531.78079812988
2025-07-17,254835.54980737023
2025-07-18,255017.06366352216
2025-07-21,215703.43650582747
2025-07-22,215957.68065009036
2025-07-23,212734.93879777816
2025-07-24,207892.4203043592
2025-07-25,201530.48634200927
2025-07-28,198663.18294196326
2025-07-29,198433.7178103285
2025-07-30,196980.15386530428
2025-07-31,304022.0759017243
2025-08-01,291255.380916105
2025-08-04,287121.9759124625
2025-08-05,281694.21480580425
2025-08-06,151385.46788513786
2025-08-07,141148.52401961997
2025-08-08,137865.1425894849
2025-08-11,116464.22653531442
2025-08-12,70765.13539558747
2025-08-13,49078.780602222694
2025-08-14,48473.94014496628
2025-08-15,503951.1874901884
2025-08-18,519020.5093257393
2025-08-19,517087.06384392077
2025-08-20,517225.0660943167
2025-08-21,490705.76356634515
2025-08-22,462415.20769847714
2025-08-25,451860.1604671161
2025-08-26,425536.7833946077
2025-08-27,392175.0216091643
2025-08-28,380389.37570871843
2025-08-29,363518.12962518685
2025-09-01,324355.5793465572
2025-09-02,315475.6071805694
2025-09-03,312380.11604044255
2025-09-04,255313.22248469334
2025-09-05,185148.302312691
2025-09-08,123499.83498951735
2025-09-09,85932.99591550486
2025-09-10,83365.8964049827
2025-09-11,78607.67467931086
2025-09-12,76047.24395702803
2025-09-15,597871.9531308883
2025-09-16,558843.7282313893
2025-09-17,561013.5128793628
2025-09-18,559589.8328701918
2025-09-19,505090.15573039104
2025-09-22,483621.5994857061
2025-09-23,368864.18276543944
2025-09-24,363493.6057506838
2025-09-25,362011.44864089583
2025-09-26,308325.5870309039
2025-09-29,303978.89364056755
2025-09-30,623628.3947372203
2025-10-09,640902.4300648328
2025-10-10,622460.3294266347
2025-10-13,617267.779418954
2025-10-14,432502.6030794078
2025-10-15,560133.8698498972
2025-10-16,513212.4122724865
2025-10-17,480153.16047815984
2025-10-20,460328.71700895106
2025-10-21,279523.8083007676
2025-10-22,176141.03264744606
2025-10-23,151257.41262840148
2025-10-24,152530.2526053664
2025-10-27,153860.39446653155
2025-10-28,153478.75927623446
2025-10-29,154659.20420004366
2025-10-30,146227.72596956234
2025-10-31,536660.835775923
2025-11-03,530282.6849058807
2025-11-04,519857.9136466841
2025-11-05,498309.53220644605
2025-11-06,258083.3294797043
2025-11-07,213910.88292132888
2025-11-10,213093.91950153452
2025-11-11,211247.44735391205
2025-11-12,138914.20209652706
2025-11-13,118513.13840711191
2025-11-14,118250.25676481298
2025-11-17,118709.90384247266
2025-11-18,118133.0518580079
2025-11-19,92543.49527769398
2025-11-20,92476.54001153764
2025-11-21,45387.5726097849
2025-11-24,45248.586784869294
2025-11-25,45359.26037161237
2025-11-26,0.0
2025-11-27,0.0
2025-11-28,0.0
2025-12-01,0.0
2025-12-02,0.0
2025-12-03,0.0
2025-12-04,0.0
2025-12-05,0.0
2025-12-08,0.0
2025-12-09,0.0
2025-12-10,0.0
2025-12-11,0.0
2025-12-12,0.0
2025-12-15,507872.9556477167
2025-12-16,502585.67076582415
2025-12-17,513359.90347380313
2025-12-18,506756.33513091
2025-12-19,294465.9244682306
2025-12-22,298478.7823154613
2025-12-23,301262.82549914566
2025-12-24,302400.6535142377
2025-12-25,302004.0669149026
2025-12-26,303303.0028587807
2025-12-29,295587.8716255142
2025-12-30,294970.503218246
2025-12-31,493706.30613983667
2026-01-05,501389.2897764358
2026-01-06,507356.2219561969
2026-01-07,507805.09115098236
2026-01-08,505696.9164254428
2026-01-09,476623.22432732565
2026-01-12,422949.71152417676
2026-01-13,376227.1451773381
2026-01-14,375017.5760684236
2026-01-15,585882.1118142953
2026-01-16,541716.6840718358
2026-01-19,545560.5619817582
2026-01-20,515943.8898904244
2026-01-21,411524.11116139777
2026-01-22,382763.63733129407
2026-01-23,336086.36863042053
2026-01-26,328241.5369111633
2026-01-27,304754.18717840087
2026-01-28,268787.29614312784
2026-01-29,238845.5005084648
2026-01-30,237830.53500323443
2026-02-02,191792.87272865497
2026-02-03,150248.58844422363
2026-02-04,115226.4331194583
2026-02-05,80354.9588976365
2026-02-06,80263.49878756904
2026-02-09,80538.70319146066
2026-02-10,57480.48745713898
2026-02-11,19646.93360361027
2026-02-12,13190.7189971399
2026-02-13,8837.17003507396
2026-02-24,5934.292642941174
2026-02-25,3977.371469376245
2026-02-26,2664.911175606646
2026-02-27,1785.0605539197081
2026-03-02,1196.044910805136
2026-03-03,0.0
2026-03-04,0.0
2026-03-05,0.0
2026-03-06,0.0
2026-03-09,0.0
2026-03-10,0.0
2026-03-11,0.0
2026-03-12,0.0
2026-03-13,0.0
2026-03-16,0.0
2026-03-17,0.0
2026-03-18,0.0
2026-03-19,0.0
2026-03-20,0.0
2026-03-23,0.0
2026-03-24,0.0
2026-03-25,0.0
2026-03-26,0.0
2026-03-27,0.0
2026-03-30,0.0
2026-03-31,304020.8474707937
2026-04-01,305689.70675357495
2026-04-02,302689.77582793613
2026-04-03,302293.2995682553
2026-04-07,190008.10358751586
2026-04-08,192338.81985944466
2026-04-09,192735.76901187157
2026-04-10,173792.12989199223
2026-04-13,160743.60345757418
2026-04-14,114957.09005347967
2026-04-15,421726.94097750797
2026-04-16,425532.85752484004
2026-04-17,425041.4394873116
2026-04-20,428212.5349850018
2026-04-21,382000.4663017885
2026-04-22,354382.05233154004
2026-04-23,351550.0266695454
2026-04-24,328153.1600338938
2026-04-27,328301.7986284279
2026-04-28,309641.39710763353
2026-04-29,310307.94933531666
2026-04-30,533458.9609824271
2026-05-06,542101.2383748796
2026-05-07,547484.6344407815
2026-05-08,523729.83829537645
2026-05-11,526413.0047895345
2026-05-12,524943.9118357098
2026-05-13,504804.99958838476
2026-05-14,497506.2522189948
2026-05-15,706539.4726046562
2026-05-18,673992.3633158591
2026-05-19,646299.378040182
2026-05-20,655079.1417652983
2026-05-21,312524.7171576526
2026-05-22,310243.9171707177
2026-05-25,290127.5205824694
2026-05-26,203798.62060464863
2026-05-27,193442.78125778725
2026-05-28,154045.0039535253
2026-05-29,142070.35939824974
2026-06-01,138470.09639512436
2026-06-02,127597.03112468448
2026-06-03,118839.70578660935
2026-06-04,112250.10055370946
2026-06-05,97108.41995865824
2026-06-08,88571.86889804882
2026-06-09,81458.06280034345
2026-06-10,76211.65068231577
2026-06-11,52091.421340692614
2026-06-12,49761.73111027248
2026-06-15,590773.3112943178
2026-06-16,596720.8491711604
2026-06-17,599024.5598054077
2026-06-18,600996.5457059998
2026-06-22,416596.6794051956
2026-06-23,412910.95361007436
2026-06-24,400128.0379067389
2026-06-25,385019.1347640801
2026-06-26,315215.91175657837
2026-06-29,242853.5052393852
2026-06-30,539068.7126965169
2026-07-01,504198.78913485596
2026-07-02,496750.2801749487
2026-07-03,501925.3471246951
2026-07-06,335888.90979319013
2026-07-07,256819.74013297126
2026-07-08,256008.38048715735
2026-07-09,258599.96688414933
2026-07-10,158628.4927500146
2026-07-13,157847.24490829097
2026-07-14,158699.740257602
2026-07-15,471423.60674136394
2026-07-16,468687.63851222023
2026-07-17,456811.65864245547
2026-07-20,459763.40076802444
2026-07-21,298206.12055428803
2026-07-22,299368.54188443726
2026-07-23,300800.8265488102
2026-07-24,297801.3271911295
2026-07-27,299039.45152499096
2026-07-28,252465.60330335988
2026-07-29,253618.55138368427
2026-07-30,253829.33645890432
2026-07-31,0.0
2026-08-03,0.0
2026-08-04,0.0
2026-08-05,0.0
2026-08-06,0.0
2026-08-07,0.0
2026-08-10,0.0
2026-08-11,0.0
2026-08-12,0.0
2026-08-13,0.0
2026-08-14,0.0
2026-08-17,0.0
2026-08-18,0.0
2026-08-19,0.0
2026-08-20,0.0
2026-08-21,0.0
2026-08-24,0.0
2026-08-25,0.0
2026-08-26,0.0
2026-08-27,0.0
2026-08-28,0.0
